month,monthly_revenue,order_count
1,903172.6557792344,744
2,850164.6451675315,696
3,910019.6429292783,744
4,898939.8183622257,718
5,918988.3628996668,744
6,845045.8279114043,719
7,936864.0415190391,743
8,951777.4261599061,744
9,932161.7096214258,719
10,885121.9957493476,742
11,915529.4830482444,720
12,912626.1929401404,743
